Player Name,Runs,Balls Faced,4s,6s,Matches Played,Gender,Average,Strike Rate,Boundary %
A Campbell,97,131,8,0,8,female,12.125,74.04580152671755,6.106870229007633
A Capsey,380,289,52,7,16,female,23.75,131.4878892733564,20.415224913494807
A Cranstone,18,20,2,0,1,female,18.0,90.0,10.0
A Griffiths,23,28,1,0,13,female,1.7692307692307692,82.14285714285714,3.571428571428571
A Hartley,3,5,0,0,17,female,0.17647058823529413,60.0,0.0
A King,46,40,1,3,13,female,3.5384615384615383,114.99999999999999,10.0
A Lyth,368,233,29,23,13,male,28.307692307692307,157.93991416309012,22.317596566523605
A Shrubsole,55,47,5,2,21,female,2.619047619047619,117.02127659574468,14.893617021276595
A Stonehouse,16,7,3,0,7,female,2.2857142857142856,228.57142857142856,42.857142857142854
A Sutherland,88,73,5,3,6,female,14.666666666666666,120.54794520547945,10.95890410958904
A Wellington,99,79,12,1,20,female,4.95,125.31645569620254,16.455696202531644
A Zampa,26,23,3,0,7,male,3.7142857142857144,113.04347826086956,13.043478260869565
AAP Atkinson,3,4,0,0,5,male,0.6,75.0,0.0
AC Kerr,252,203,30,0,11,female,22.90909090909091,124.13793103448276,14.77832512315271
AD Carr,19,22,2,0,6,female,3.1666666666666665,86.36363636363636,9.090909090909092
AD Hales,532,376,62,18,19,male,28.0,141.48936170212767,21.27659574468085
AD Russell,148,88,9,12,6,male,24.666666666666668,168.1818181818182,23.863636363636363
AE Dyson,0,0,0,0,2,female,0.0,,
AE Jones,462,338,61,3,18,female,25.666666666666668,136.68639053254438,18.93491124260355
AE Satterthwaite,24,34,3,0,4,female,6.0,70.58823529411765,8.823529411764707
AF Milne,32,28,2,1,13,male,2.4615384615384617,114.28571428571428,10.714285714285714
AH Maqsood,5,9,0,0,14,female,0.35714285714285715,55.55555555555556,0.0
AJ Blake,54,39,2,4,3,male,18.0,138.46153846153845,15.384615384615385
AJ Freeborn,152,145,18,0,17,female,8.941176470588236,104.82758620689656,12.413793103448276
AJ Healy,129,85,22,3,6,female,21.5,151.76470588235293,29.411764705882355
AJ Hose,316,205,33,12,15,male,21.066666666666666,154.14634146341464,21.951219512195124
AJ Macleod,33,33,2,0,5,female,6.6,100.0,6.0606060606060606
AJ Turner,137,86,9,6,12,male,11.416666666666666,159.30232558139534,17.441860465116278
AL Davies,357,281,32,6,15,male,23.8,127.04626334519573,13.523131672597867
AM Rossington,460,272,43,25,16,male,28.75,169.11764705882354,25.0
AN Davidson-Richards,192,185,14,2,19,female,10.105263157894736,103.78378378378379,8.64864864864865
AU Rashid,38,40,4,1,17,male,2.235294117647059,95.0,12.5
AZ Monaghan,11,15,1,0,11,female,1.0,73.33333333333333,6.666666666666667
BA Carse,83,66,7,2,12,male,6.916666666666667,125.75757575757575,13.636363636363635
BA Langston,0,1,0,0,5,female,0.0,0.0,0.0
BA Raine,35,28,5,0,8,male,4.375,125.0,17.857142857142858
BA Stokes,10,14,1,0,2,male,5.0,71.42857142857143,7.142857142857142
BAC Howell,183,138,12,6,20,male,9.15,132.6086956521739,13.043478260869565
BAM Heath,191,140,26,5,18,female,10.61111111111111,136.42857142857144,22.142857142857142
BC Cullen,18,14,1,1,7,male,2.5714285714285716,128.57142857142858,14.285714285714285
BF Smith,481,364,64,14,16,female,30.0625,132.14285714285714,21.428571428571427
BGF Green,26,26,1,1,4,male,6.5,100.0,7.6923076923076925
BJ Dwarshuis,0,2,0,0,1,male,0.0,0.0,0.0
BL D'Oliveira,10,22,0,0,2,male,5.0,45.45454545454545,0.0
BL Mooney,205,132,32,1,6,female,34.166666666666664,155.3030303030303,25.0
BM Duckett,588,427,70,8,17,male,34.588235294117645,137.70491803278688,18.26697892271663
BR McDermott,157,118,12,6,5,male,31.4,133.05084745762713,15.254237288135593
BTJ Wheal,0,0,0,0,6,male,0.0,,
C Brewer,0,0,0,0,1,female,0.0,,
C Munro,551,352,46,27,16,male,34.4375,156.5340909090909,20.738636363636363
C Nicholas,5,10,0,0,12,female,0.4166666666666667,50.0,0.0
C Overton,11,13,0,0,8,male,1.375,84.61538461538461,0.0
C Pavely,9,12,0,0,3,female,3.0,75.0,0.0
C de Grandhomme,56,45,3,2,7,male,8.0,124.44444444444444,11.11111111111111
CA Ingram,120,91,9,5,7,male,17.142857142857142,131.86813186813185,15.384615384615385
CA Lynn,150,127,14,5,7,male,21.428571428571427,118.11023622047243,14.960629921259844
CB Cooke,20,21,1,0,4,male,5.0,95.23809523809523,4.761904761904762
CE Dean,99,91,13,0,14,female,7.071428571428571,108.79120879120879,14.285714285714285
CE Rudd,12,11,0,0,16,female,0.75,109.09090909090908,0.0
CF Parkinson,4,7,0,0,8,male,0.5,57.14285714285714,0.0
CG Benjamin,207,169,18,8,18,male,11.5,122.48520710059172,15.384615384615385
CG Harrison,38,34,5,0,8,male,4.75,111.76470588235294,14.705882352941178
CJ Jordan,183,104,11,13,15,male,12.2,175.96153846153845,23.076923076923077
CL Griffith,98,75,8,3,13,female,7.538461538461538,130.66666666666666,14.666666666666666
CL Tryon,112,111,9,1,14,female,8.0,100.9009009009009,9.00900900900901
CM McCarthy,0,0,0,0,2,female,0.0,,
CM Taylor,0,0,0,0,3,female,0.0,,
CN Ackermann,112,99,9,3,8,male,14.0,113.13131313131312,12.121212121212121
CN Miles,1,2,0,0,6,male,0.16666666666666666,50.0,0.0
CP Wood,6,5,1,0,10,male,0.6,120.0,20.0
CR Brathwaite,94,67,4,7,6,male,15.666666666666666,140.2985074626866,16.417910447761194
CR Woakes,20,20,0,1,3,male,6.666666666666667,100.0,5.0
D Gregory,1,1,0,0,5,female,0.2,100.0,0.0
D Moriarty,1,3,0,0,1,male,1.0,33.33333333333333,0.0
D Mullan,9,10,1,0,1,female,9.0,90.0,10.0
D Pretorius,71,39,6,5,5,male,14.2,182.05128205128204,28.205128205128204
D Wiese,233,141,10,18,16,male,14.5625,165.24822695035462,19.858156028368796
D van Niekerk,324,294,41,3,12,female,27.0,110.20408163265304,14.965986394557824
DA Douthwaite,4,10,0,0,1,male,4.0,40.0,0.0
DA Miller,73,80,2,2,7,male,10.428571428571429,91.25,5.0
DA Payne,10,11,0,1,18,male,0.5555555555555556,90.9090909090909,9.090909090909092
DB Sharma,77,68,6,0,8,female,9.625,113.23529411764706,8.823529411764707
DG Bedingham,0,2,0,0,1,male,0.0,0.0,0.0
DJ Bell-Drummond,152,117,14,4,8,male,19.0,129.9145299145299,15.384615384615385
DJ Bravo,27,25,3,0,6,male,4.5,108.0,12.0
DJ Malan,619,431,58,24,18,male,34.388888888888886,143.61948955916472,19.02552204176334
DJ Mitchell,136,104,10,4,6,male,22.666666666666668,130.76923076923077,13.461538461538462
DJ Vilas,95,74,8,1,5,male,19.0,128.3783783783784,12.162162162162163
DJ Willey,287,221,17,14,15,male,19.133333333333333,129.86425339366517,14.027149321266968
DJ Worrall,0,1,0,0,5,male,0.0,0.0,0.0
DJM Short,156,129,20,2,9,male,17.333333333333332,120.93023255813952,17.05426356589147
DJS Dottin,405,306,46,16,15,female,27.0,132.35294117647058,20.26143790849673
DL Lloyd,6,7,0,1,2,male,3.0,85.71428571428571,14.285714285714285
DMW Rawlins,7,7,1,0,1,male,7.0,100.0,14.285714285714285
DN Wyatt,680,499,97,12,21,female,32.38095238095238,136.27254509018036,21.8436873747495
DP Conway,312,260,32,4,11,male,28.363636363636363,120.0,13.846153846153847
DR Briggs,40,24,5,1,11,male,3.6363636363636362,166.66666666666669,25.0
DR Gibson,300,196,45,6,14,female,21.428571428571427,153.0612244897959,26.02040816326531
DR Mousley,45,49,3,1,6,male,7.5,91.83673469387756,8.16326530612245
DR Sams,233,128,17,15,13,male,17.923076923076923,182.03125,25.0
DW Lawrence,286,199,21,13,12,male,23.833333333333332,143.71859296482413,17.08542713567839
DY Pennington,0,0,0,0,3,male,0.0,,
E Gray,21,19,1,1,13,female,1.6153846153846154,110.5263157894737,10.526315789473683
E Jones,415,389,52,4,18,female,23.055555555555557,106.68380462724936,14.395886889460154
E Threlkeld,77,78,6,0,16,female,4.8125,98.71794871794873,7.6923076923076925
E Windsor,18,23,2,0,11,female,1.6363636363636365,78.26086956521739,8.695652173913043
EA Burns,267,223,36,1,17,female,15.705882352941176,119.73094170403587,16.591928251121075
EA Perry,134,98,17,2,6,female,22.333333333333332,136.73469387755102,19.387755102040817
EA Russell,1,1,0,0,8,female,0.125,100.0,0.0
EJ Villani,182,154,28,1,7,female,26.0,118.18181818181819,18.83116883116883
EJG Morgan,281,208,15,17,13,male,21.615384615384617,135.09615384615387,15.384615384615385
EL Arlott,119,107,7,3,17,female,7.0,111.21495327102804,9.345794392523365
EL Lamb,330,284,42,4,16,female,20.625,116.19718309859155,16.19718309859155
EM McCaughan,2,2,0,0,2,female,1.0,100.0,0.0
F du Plessis,134,98,11,7,8,male,16.75,136.73469387755102,18.367346938775512
FC Wilson,201,217,22,0,18,female,11.166666666666666,92.62672811059907,10.138248847926267
FG Kemp,154,114,14,5,15,female,10.266666666666667,135.08771929824562,16.666666666666664
FH Allen,392,263,45,15,15,male,26.133333333333333,149.0494296577947,22.813688212927758
FJ Klaassen,11,13,1,0,7,male,1.5714285714285714,84.61538461538461,7.6923076923076925
FMK Morris,92,91,11,0,16,female,5.75,101.0989010989011,12.087912087912088
FR Davies,22,37,1,0,15,female,1.4666666666666666,59.45945945945946,2.7027027027027026
G Ballinger,1,6,0,0,11,female,0.09090909090909091,16.666666666666664,0.0
G Potts,4,4,0,0,6,female,0.6666666666666666,100.0,0.0
G Redmayne,187,174,21,0,8,female,23.375,107.47126436781609,12.068965517241379
G Scrivens,95,105,8,0,10,female,9.5,90.47619047619048,7.6190476190476195
G Wareham,80,67,7,0,9,female,8.88888888888889,119.40298507462686,10.44776119402985
GA Elwiss,185,170,17,0,18,female,10.277777777777779,108.8235294117647,10.0
GD Phillips,306,220,22,16,14,male,21.857142857142858,139.0909090909091,17.272727272727273
GEB Boyce,37,44,4,0,5,female,7.4,84.0909090909091,9.090909090909092
GG White,17,12,1,1,3,male,5.666666666666667,141.66666666666669,16.666666666666664
GH Lewis,25,35,3,1,3,female,8.333333333333334,71.42857142857143,11.428571428571429
GHS Garton,99,78,10,4,17,male,5.823529411764706,126.92307692307692,17.94871794871795
GJ Gibbs,46,39,6,0,9,female,5.111111111111111,117.94871794871796,15.384615384615385
GJ Maxwell,116,77,16,3,4,male,29.0,150.64935064935065,24.675324675324674
GK Davis,3,2,0,0,9,female,0.3333333333333333,150.0,0.0
GL Adams,369,313,34,10,20,female,18.45,117.89137380191694,14.057507987220447
GL van Buuren,1,1,0,0,1,male,1.0,100.0,0.0
GLS Scrimshaw,5,3,1,0,4,male,1.25,166.66666666666669,33.33333333333333
GM Davies,56,54,8,0,12,female,4.666666666666667,103.7037037037037,14.814814814814813
GM Harris,114,76,17,2,6,female,19.0,150.0,25.0
GM Hennessy,58,75,3,0,8,female,7.25,77.33333333333333,4.0
H Graham,164,127,17,2,10,female,16.4,129.13385826771653,14.960629921259844
H Kaur,176,170,16,1,8,female,22.0,103.5294117647059,10.0
H Klaasen,171,90,6,16,6,male,28.5,190.0,24.444444444444443
HC Brook,512,305,43,25,16,male,32.0,167.86885245901638,22.295081967213115
HC Knight,326,262,44,2,11,female,29.636363636363637,124.42748091603053,17.557251908396946
HE Jones,2,4,0,0,9,female,0.2222222222222222,50.0,0.0
HJ Armitage,297,274,29,0,16,female,18.5625,108.3941605839416,10.583941605839415
HJH Brookes,4,6,0,0,6,male,0.6666666666666666,66.66666666666666,0.0
HK Matthews,454,354,69,3,13,female,34.92307692307692,128.24858757062148,20.33898305084746
HL Baker,10,12,1,0,12,female,0.8333333333333334,83.33333333333334,8.333333333333332
HWR Cartwright,62,47,4,2,5,male,12.4,131.91489361702128,12.76595744680851
Haris Rauf,0,1,0,0,5,male,0.0,0.0,0.0
IA Cockbain,113,89,12,3,7,male,16.142857142857142,126.96629213483146,16.853932584269664
IECM Wong,133,112,6,6,16,female,8.3125,118.75,10.714285714285714
IS Sodhi,2,4,0,0,7,male,0.2857142857142857,50.0,0.0
Imad Wasim,27,26,3,0,2,male,13.5,103.84615384615385,11.538461538461538
Imran Tahir,6,2,0,1,14,male,0.42857142857142855,300.0,50.0
J Clark,0,1,0,0,3,male,0.0,0.0,0.0
J Gardner,82,64,6,3,14,female,5.857142857142857,128.125,14.0625
J Little,6,8,1,0,9,male,0.6666666666666666,75.0,12.5
J Overton,200,106,17,12,9,male,22.22222222222222,188.67924528301887,27.358490566037734
JA Haynes,2,2,0,0,1,male,2.0,100.0,0.0
JA Simpson,183,129,21,4,9,male,20.333333333333332,141.86046511627907,19.379844961240313
JA Thompson,90,74,4,6,14,male,6.428571428571429,121.62162162162163,13.513513513513514
JA Turner,0,0,0,0,1,male,0.0,,
JB Cracknell,55,40,5,2,3,male,18.333333333333332,137.5,17.5
JB Lintott,21,21,1,0,14,male,1.5,100.0,4.761904761904762
JC Buttler,570,407,49,20,14,male,40.714285714285715,140.04914004914005,16.953316953316953
JC Tongue,0,0,0,0,5,male,0.0,,
JDS Neesham,108,70,11,3,9,male,12.0,154.2857142857143,20.0
JE Root,176,119,17,5,9,male,19.555555555555557,147.89915966386556,18.487394957983195
JG Bethell,10,11,1,0,2,male,5.0,90.9090909090909,9.090909090909092
JI Rodrigues,453,328,71,1,17,female,26.647058823529413,138.109756097561,21.951219512195124
JJ Cobb,87,77,6,4,10,male,8.7,112.98701298701299,12.987012987012985
JJ Roy,391,294,42,13,20,male,19.55,132.99319727891157,18.70748299319728
JJ Weatherley,8,7,1,0,3,male,2.6666666666666665,114.28571428571428,14.285714285714285
JK Fuller,62,55,7,0,10,male,6.2,112.72727272727272,12.727272727272727
JL Denly,66,68,4,2,5,male,13.2,97.05882352941177,8.823529411764707
JL Gunn,29,15,5,0,6,female,4.833333333333333,193.33333333333334,33.33333333333333
JL Smith,178,113,14,10,6,male,29.666666666666668,157.52212389380531,21.238938053097346
JL du Plooy,349,258,22,11,16,male,21.8125,135.27131782945736,12.790697674418606
JM Bairstow,215,165,14,11,6,male,35.833333333333336,130.3030303030303,15.151515151515152
JM Clarke,333,270,30,13,15,male,22.2,123.33333333333334,15.925925925925927
JM Cox,308,206,32,8,12,male,25.666666666666668,149.51456310679612,19.41747572815534
JM Vince,537,392,54,17,17,male,31.58823529411765,136.98979591836735,18.112244897959183
JP Inglis,176,135,18,5,8,male,22.0,130.37037037037038,17.037037037037038
JT Ball,1,6,0,0,11,male,0.09090909090909091,16.666666666666664,0.0
JW Dernbach,0,0,0,0,1,male,0.0,,
K Moore,12,14,1,0,11,female,1.0909090909090908,85.71428571428571,7.142857142857142
KA Levick,4,7,0,0,18,female,0.2222222222222222,57.14285714285714,0.0
KA Pollard,113,68,6,7,6,male,18.833333333333332,166.1764705882353,19.11764705882353
KE Bryce,64,61,7,0,15,female,4.266666666666667,104.91803278688525,11.475409836065573
KE White,10,7,0,1,3,female,3.3333333333333335,142.85714285714286,14.285714285714285
KH Brunt,150,173,13,0,12,female,12.5,86.70520231213872,7.514450867052023
KH Sciver-Brunt,26,14,2,1,4,female,6.5,185.71428571428572,21.428571428571427
KL Cross,47,45,4,1,18,female,2.611111111111111,104.44444444444446,11.11111111111111
KL George,56,67,7,0,15,female,3.7333333333333334,83.5820895522388,10.44776119402985
KL Gordon,29,24,2,0,19,female,1.5263157894736843,120.83333333333333,8.333333333333332
KM Chathli,6,19,0,0,8,female,0.75,31.57894736842105,0.0
KM Mack,100,99,9,0,9,female,11.11111111111111,101.01010101010101,9.090909090909092
KW Richardson,23,20,2,1,12,male,1.9166666666666667,114.99999999999999,15.0
L Dobson,4,13,0,0,4,female,1.0,30.76923076923077,0.0
L Filer,54,39,4,2,10,female,5.4,138.46153846153845,15.384615384615385
L Gregory,279,186,21,10,19,male,14.68421052631579,150.0,16.666666666666664
L Harris,138,77,20,6,12,female,11.5,179.2207792207792,33.76623376623377
L Jackson,2,2,0,0,3,female,0.6666666666666666,100.0,0.0
L Lee,549,420,76,14,15,female,36.6,130.71428571428572,21.428571428571427
L Winfield-Hill,447,370,60,5,15,female,29.8,120.81081081081082,17.56756756756757
L Wolvaardt,614,508,72,5,14,female,43.857142857142854,120.86614173228347,15.157480314960631
L Wood,19,18,1,0,16,male,1.1875,105.55555555555556,5.555555555555555
LA Dawson,72,59,5,2,16,male,4.5,122.03389830508475,11.864406779661017
LCN Smith,50,45,4,0,17,female,2.9411764705882355,111.11111111111111,8.88888888888889
LE Plunkett,0,0,0,0,1,male,0.0,,
LE Scott,7,9,1,0,1,female,7.0,77.77777777777779,11.11111111111111
LF Higham,15,8,2,0,16,female,0.9375,187.5,25.0
LH Ferguson,27,20,0,3,6,male,4.5,135.0,15.0
LJ Evans,408,255,32,21,19,male,21.473684210526315,160.0,20.784313725490197
LJ Fletcher,6,5,1,0,6,male,1.0,120.0,20.0
LK Bell,10,13,2,0,19,female,0.5263157894736842,76.92307692307693,15.384615384615385
LM Reece,24,25,1,2,2,male,12.0,96.0,12.0
LMM Tahuhu,1,1,0,0,2,female,0.5,100.0,0.0
LS Livingstone,621,406,32,46,18,male,34.5,152.95566502463055,19.21182266009852
LWP Wells,97,60,11,4,6,male,16.166666666666668,161.66666666666666,25.0
M Brown,33,26,4,0,9,female,3.6666666666666665,126.92307692307692,15.384615384615385
M Carter,37,27,2,2,12,male,3.0833333333333335,137.03703703703704,14.814814814814813
M Gaur,0,1,0,0,6,female,0.0,0.0,0.0
M Kapp,423,331,48,9,14,female,30.214285714285715,127.79456193353474,17.220543806646525
M Kelly,220,184,30,1,15,female,14.666666666666666,119.56521739130434,16.847826086956523
M Strano,0,0,0,0,1,female,0.0,,
M de Lange,14,9,1,1,7,male,2.0,155.55555555555557,22.22222222222222
M du Preez,185,173,17,4,13,female,14.23076923076923,106.9364161849711,12.138728323699421
MD Fisher,0,1,0,0,2,male,0.0,0.0,0.0
MDE Holden,130,79,15,4,7,male,18.571428571428573,164.55696202531647,24.050632911392405
ME Bouchier,448,343,49,8,21,female,21.333333333333332,130.6122448979592,16.61807580174927
ME Milnes,5,6,1,0,8,male,0.625,83.33333333333334,16.666666666666664
MG Hogan,2,4,0,0,7,male,0.2857142857142857,50.0,0.0
MJ Henry,0,0,0,0,2,male,0.0,,
MJ Potts,29,18,3,1,9,male,3.2222222222222223,161.11111111111111,22.22222222222222
MJ Santner,0,0,0,0,2,male,0.0,,
MJJ Critchley,218,157,15,10,12,male,18.166666666666668,138.85350318471336,15.92356687898089
MK Villiers,112,101,8,2,17,female,6.588235294117647,110.8910891089109,9.900990099009901
ML Green,10,13,1,0,1,female,10.0,76.92307692307693,7.6923076923076925
ML Kirk,0,0,0,0,3,female,0.0,,
ML Schutt,3,7,0,0,6,female,0.5,42.857142857142854,0.0
MLL Taylor,0,0,0,0,2,female,0.0,,
MM Ali,485,329,26,35,18,male,26.944444444444443,147.41641337386017,18.541033434650455
MP Stoinis,59,53,4,2,5,male,11.8,111.32075471698113,11.320754716981133
MS Crane,5,7,0,0,13,male,0.38461538461538464,71.42857142857143,0.0
MS Pepper,81,68,11,1,8,male,10.125,119.11764705882352,17.647058823529413
MS Wade,291,192,29,10,12,male,24.25,151.5625,20.3125
MT Stanley,0,0,0,0,3,male,0.0,,
MW Parkinson,11,12,0,1,15,male,0.7333333333333333,91.66666666666666,8.333333333333332
MW Short,150,90,15,7,7,male,21.428571428571427,166.66666666666669,24.444444444444443
Miles Hammond,232,169,26,6,15,male,15.466666666666667,137.27810650887574,18.93491124260355
Mohammad Amir,18,21,1,0,4,male,4.5,85.71428571428571,4.761904761904762
Mohammad Hasnain,11,4,1,1,5,male,2.2,275.0,50.0
Mohammad Nabi,33,32,2,1,5,male,6.6,103.125,9.375
Mujeeb Ur Rahman,0,2,0,0,7,male,0.0,0.0,0.0
N Brown,0,0,0,0,4,female,0.0,,
N Harman,0,0,0,0,4,female,0.0,,
N Harvey,3,7,0,0,8,female,0.375,42.857142857142854,0.0
N Holland,9,12,1,0,3,female,3.0,75.0,8.333333333333332
N de Klerk,56,30,9,1,2,female,28.0,186.66666666666666,33.33333333333333
NA Sowter,21,12,3,0,12,male,1.75,175.0,25.0
NAJ Wraith,4,5,0,0,3,female,1.3333333333333333,80.0,0.0
ND Dattani,183,199,16,2,16,female,11.4375,91.95979899497488,9.045226130653267
NE Farrant,7,8,0,0,9,female,0.7777777777777778,87.5,0.0
NJ Carey,76,67,9,0,4,female,19.0,113.43283582089552,13.432835820895523
NR Sciver,448,344,53,7,12,female,37.333333333333336,130.2325581395349,17.441860465116278
NR Sciver-Brunt,216,134,30,5,7,female,30.857142857142858,161.19402985074626,26.119402985074625
NT Ellis,10,18,0,0,13,male,0.7692307692307693,55.55555555555556,0.0
Noor Ahmad,9,4,0,1,1,male,9.0,225.0,25.0
OJ Pope,10,14,1,0,2,male,5.0,71.42857142857143,7.142857142857142
P Cleary,18,22,1,0,8,female,2.25,81.81818181818183,4.545454545454546
P Hatzoglou,1,1,0,0,2,male,0.5,100.0,0.0
P Litchfield,279,210,38,3,9,female,31.0,132.85714285714286,19.523809523809526
PA Franklin,17,17,1,0,5,female,3.4,100.0,5.88235294117647
PC Graham,1,1,0,0,8,female,0.125,100.0,0.0
PD Salt,667,412,70,29,21,male,31.761904761904763,161.89320388349515,24.029126213592235
PI Walter,201,139,15,10,16,male,12.5625,144.6043165467626,17.985611510791365
PJ Scholfield,78,61,7,3,7,female,11.142857142857142,127.86885245901641,16.39344262295082
PR Brown,0,0,0,0,6,male,0.0,,
PR Stirling,216,135,22,12,7,male,30.857142857142858,160.0,25.185185185185183
Q de Kock,317,223,36,10,13,male,24.384615384615383,142.152466367713,20.62780269058296
Qais Ahmad,15,12,3,0,8,male,1.875,125.0,25.0
R MacDonald-Gay,21,17,0,2,11,female,1.9090909090909092,123.52941176470588,11.76470588235294
R Slater,0,0,0,0,3,female,0.0,,
R Southby,0,0,0,0,9,female,0.0,,
RA Fackrell,2,2,0,0,1,female,2.0,100.0,0.0
RA Whiteley,321,234,28,13,18,male,17.833333333333332,137.17948717948718,17.52136752136752
RE van der Merwe,133,97,12,3,16,male,8.3125,137.11340206185568,15.463917525773196
RF Higgins,29,34,1,0,5,male,5.8,85.29411764705883,2.941176470588235
RH Priest,138,101,20,5,7,female,19.714285714285715,136.63366336633663,24.752475247524753
RJ Gleeson,8,9,1,0,5,male,1.6,88.88888888888889,11.11111111111111
RJW Topley,23,11,5,0,16,male,1.4375,209.0909090909091,45.45454545454545
RL Haynes,35,34,4,1,4,female,8.75,102.94117647058823,14.705882352941178
RM Ghosh,107,92,12,2,6,female,17.833333333333332,116.30434782608697,15.217391304347828
RR Rossouw,70,62,7,2,6,male,11.666666666666666,112.90322580645163,14.516129032258066
RS Bopara,232,168,18,10,13,male,17.846153846153847,138.0952380952381,16.666666666666664
Rashid Khan,46,35,4,3,10,male,4.6,131.42857142857142,20.0
Rehan Ahmed,37,36,4,0,11,male,3.3636363636363638,102.77777777777777,11.11111111111111
S Baker,0,2,0,0,3,male,0.0,0.0,0.0
S Ecclestone,192,138,18,8,15,female,12.8,139.1304347826087,18.84057971014493
S Glenn,75,66,5,2,17,female,4.411764705882353,113.63636363636364,10.606060606060606
S Ismail,13,16,2,0,14,female,0.9285714285714286,81.25,12.5
S Mahmood,9,12,0,0,7,male,1.2857142857142858,75.0,0.0
S Mandhana,616,438,85,14,20,female,30.8,140.63926940639269,22.602739726027394
S Molineux,65,55,5,1,6,female,10.833333333333334,118.18181818181819,10.909090909090908
S Munro,11,11,1,0,10,female,1.1,100.0,9.090909090909092
SA Abbott,11,11,0,1,5,male,2.2,100.0,9.090909090909092
SA Zaib,60,51,4,2,5,male,12.0,117.64705882352942,11.76470588235294
SE Rowe,0,3,0,0,3,female,0.0,0.0,0.0
SFM Devine,294,215,36,9,11,female,26.727272727272727,136.74418604651163,20.930232558139537
SG Budinger,0,1,0,0,1,male,0.0,0.0,0.0
SH Johnson,1,1,0,0,6,male,0.16666666666666666,100.0,0.0
SIR Dunkley,661,494,79,10,19,female,34.78947368421053,133.80566801619435,18.016194331983808
SJ Bryce,269,239,24,4,16,female,16.8125,112.55230125523012,11.715481171548117
SJ Cook,1,1,0,0,13,male,0.07692307692307693,100.0,0.0
SJ Johnson,120,105,10,7,7,female,17.142857142857142,114.28571428571428,16.19047619047619
SJ Mullaney,92,64,8,4,6,male,15.333333333333334,143.75,18.75
SJ Taylor,78,68,8,0,7,female,11.142857142857142,114.70588235294117,11.76470588235294
SL Kalis,83,65,11,1,6,female,13.833333333333334,127.69230769230768,18.461538461538463
SM Curran,317,243,20,16,17,male,18.647058823529413,130.45267489711932,14.814814814814813
SN Luff,153,141,13,3,12,female,12.75,108.51063829787233,11.347517730496454
SP Narine,143,103,8,11,16,male,8.9375,138.83495145631068,18.446601941747574
SR Hain,169,121,16,4,6,male,28.166666666666668,139.6694214876033,16.528925619834713
SR Patel,238,167,13,15,16,male,14.875,142.51497005988023,16.766467065868262
SR Taylor,182,177,15,1,9,female,20.22222222222222,102.82485875706216,9.03954802259887
SS Eskinazi,207,129,19,8,7,male,29.571428571428573,160.46511627906978,20.930232558139537
ST Finn,11,7,2,0,4,male,2.75,157.14285714285714,28.57142857142857
SW Bates,367,315,41,6,11,female,33.36363636363637,116.50793650793652,14.920634920634921
SW Billings,355,249,30,14,21,male,16.904761904761905,142.570281124498,17.670682730923694
Shadab Khan,6,10,0,0,2,male,3.0,60.0,0.0
Shafali Verma,171,120,24,2,8,female,21.375,142.5,21.666666666666668
Shaheen Shah Afridi,2,4,0,0,5,male,0.4,50.0,0.0
Sophia Smale,12,11,2,0,11,female,1.0909090909090908,109.09090909090908,18.181818181818183
T Banton,324,261,28,14,17,male,19.058823529411764,124.13793103448276,16.091954022988507
T Flintoff,89,92,8,0,7,female,12.714285714285714,96.73913043478261,8.695652173913043
T Graves,4,7,0,0,2,female,2.0,57.14285714285714,0.0
T Kohler-Cadmore,390,310,28,16,15,male,26.0,125.80645161290323,14.193548387096774
T Sangha,15,11,1,1,4,male,3.75,136.36363636363635,18.181818181818183
T Shamsi,0,0,0,0,12,male,0.0,,
T Stubbs,157,105,7,11,9,male,17.444444444444443,149.52380952380952,17.142857142857142
T van der Gugten,1,1,0,0,4,male,0.25,100.0,0.0
TA Lammonby,120,90,13,3,10,male,12.0,133.33333333333331,17.77777777777778
TB Abell,112,90,9,3,8,male,14.0,124.44444444444444,13.333333333333334
TG Helm,53,53,3,2,16,male,3.3125,100.0,9.433962264150944
TG Norris,22,27,2,0,11,female,2.0,81.48148148148148,7.4074074074074066
TG Southee,3,4,0,0,1,male,3.0,75.0,0.0
TH David,195,114,15,13,13,male,15.0,171.05263157894737,24.561403508771928
TJ Moores,79,65,1,5,12,male,6.583333333333333,121.53846153846153,9.230769230769232
TK Curran,335,191,29,19,19,male,17.63157894736842,175.39267015706804,25.13089005235602
TM McGrath,70,74,9,0,7,female,10.0,94.5945945945946,12.162162162162163
TS Mills,0,3,0,0,15,male,0.0,0.0,0.0
TS Muyeye,11,13,1,0,3,male,3.6666666666666665,84.61538461538461,7.6923076923076925
TT Beaumont,530,412,78,6,16,female,33.125,128.64077669902915,20.388349514563107
TW Hartley,98,85,5,3,21,male,4.666666666666667,115.29411764705881,9.411764705882353
Usama Mir,41,22,6,1,5,male,8.2,186.36363636363635,31.818181818181817
WCF Smeed,407,250,38,22,17,male,23.941176470588236,162.79999999999998,24.0
WD Parnell,50,34,4,2,8,male,6.25,147.05882352941177,17.647058823529413
WG Jacks,618,370,60,34,21,male,29.428571428571427,167.02702702702703,25.405405405405407
WL Madsen,183,147,16,2,11,male,16.636363636363637,124.48979591836735,12.244897959183673
Wahab Riaz,0,0,0,0,2,male,0.0,,
Z Crawley,260,212,32,7,10,male,26.0,122.64150943396226,18.39622641509434
ZJ Chappell,0,1,0,0,3,male,0.0,0.0,0.0
Zaman Khan,0,0,0,0,5,male,0.0,,
